{"cameraMode":{"drawMode":0,"name":"Shaded","section":"Shading Mode"},"sceneLighting":true,"audioPlay":false,"sceneViewState":{"showFog":true,"showMaterialUpdate":false,"showSkybox":true,"showFlares":true,"showImageEffects":true,"showParticleSystems":true},"in2DMode":false,"pivot":{"x":1.456664800643921,"y":0.37111496925354006,"z":-0.7984628677368164},"rotation":{"x":-0.03641761839389801,"y":0.9624599814414978,"z":-0.16502416133880616,"w":-0.2123958170413971},"size":5.994015693664551,"orthographic":false}