{"cameraMode":{"drawMode":0,"name":"Shaded","section":"Shading Mode"},"sceneLighting":true,"audioPlay":false,"sceneViewState":{"showFog":true,"showMaterialUpdate":false,"showSkybox":true,"showFlares":true,"showImageEffects":true,"showParticleSystems":true},"in2DMode":false,"pivot":{"x":-1705.8480224609375,"y":7733.10205078125,"z":-3613.966064453125},"rotation":{"x":0.2207438051700592,"y":-0.5470544695854187,"z":0.15228572487831117,"w":0.7929772734642029},"size":3.5714449882507326,"orthographic":false}